Metric,Score
ROUGE-1,0.2163917163917164
ROUGE-2,0.03251507321274763
ROUGE-L,0.2008794508794509
BLEU,0.0
BERT-F1,0.8804938793182373
